{"voters": {"sajib7": {"quantity": 3, "value": 0.49207757723799944}, "gatolector": {"quantity": 1, "value": 0.0072294726956505335}, "nickfost": {"quantity": 2, "value": 0.00041990785924948316}, "paniczklos": {"quantity": 1, "value": 0.03688191061874833}, "th3voter": {"quantity": 1, "value": 0.08850434331643185}, "zealx": {"quantity": 1, "value": 0.0024057238971013453}, "marystone": {"quantity": 29, "value": 0.013914662243917719}, "toronsteem": {"quantity": 31, "value": 0.014873726129791388}, "steemph.antipolo": {"quantity": 1, "value": 1.022559921200537}, "sauravrungta": {"quantity": 1, "value": 5.15971066760863}, "depotboost": {"quantity": 1, "value": 0.20608037680625474}, "rrmaxq": {"quantity": 1, "value": 0.004571973492031283}, "roy2016": {"quantity": 2, "value": 4.737080502028671}, "shadowbot": {"quantity": 9, "value": 0.014109540383173953}, "anzirpasai": {"quantity": 1, "value": 0.013038236467387295}, "zulmiaja": {"quantity": 1, "value": 0.002439467551475901}, "abduljaved": {"quantity": 1, "value": 0.002401158261838865}, "ralphallen": {"quantity": 1, "value": 0.008845491517337503}, "lenaarnaud30623": {"quantity": 1, "value": 0.0023993470419761483}, "ssjsasha": {"quantity": 2, "value": 0.4081745040716314}}, "recievers": {"xyz7": {"total_lme": 0.49207757723799944, "cremation-ground-part-4": {"bal": 0.16402585907933315, "voters": ["sajib7"]}, "cremation-ground-part-5": {"bal": 0.16402585907933315, "voters": ["sajib7"]}, "cremation-ground-part-6": {"bal": 0.16402585907933315, "voters": ["sajib7"]}}, "cracksnews": {"total_lme": 0.0072294726956505335, "un-buen-dibujo-para-un-buen-tatuaje-03-arte-original-con-cracksnews": {"bal": 0.0072294726956505335, "voters": ["gatolector"]}}, "jlkreiss": {"total_lme": 0.00021003175506850526, "germanyseekingdealtoendeu-ustradedispute-52vyavqk00": {"bal": 0.00021003175506850526, "voters": ["nickfost"]}}, "ibrik": {"total_lme": 0.03688191061874833, "todays-technology-13-new-stove-could-save-lives-and-can-charge-phones-zg1hbmlh-uhh1q": {"bal": 0.03688191061874833, "voters": ["paniczklos"]}}, "th3voter": {"total_lme": 0.08850434331643185, "re-cesursincap-representation-of-screenshots-on-social-media-zg1hbmlh-jxdc8-20180528t070459434z": {"bal": 0.08850434331643185, "voters": ["th3voter"]}}, "korghawk": {"total_lme": 0.0024057238971013453, "re-jlalvarez-re-korghawk-jesus-is-the-authentic-word-from-god-20180528t180139160z": {"bal": 0.0024057238971013453, "voters": ["zealx"]}}, "mitja00": {"total_lme": 0.0009604104762224381, "great-fish-tacos": {"bal": 0.0009604104762224381, "voters": ["marystone", "toronsteem"]}}, "faady92": {"total_lme": 0.0009599907757751641, "healthy-miracles-or-fact-of-the-day": {"bal": 0.0009599907757751641, "voters": ["marystone", "toronsteem"]}}, "toptrending1": {"total_lme": 0.0009595710727770229, "large-white-beans-2968903d08f22": {"bal": 0.0009595710727770229, "voters": ["marystone", "toronsteem"]}}, "mariejoyacajes": {"total_lme": 1.022559921200537, "b69563a0-628b-11e8-b143-ffce16c65548": {"bal": 1.022559921200537, "voters": ["steemph.antipolo"]}}, "timmijay": {"total_lme": 0.0009595710727770229, "moscow-mule-2018-05-28-18-07-55": {"bal": 0.0009595710727770229, "voters": ["marystone", "toronsteem"]}}, "jrcornel": {"total_lme": 5.15971066760863, "re-bankthecrypto-re-jrcornel-on-days-like-today-don-t-even-check-the-prices-20180528t182736110z": {"bal": 5.15971066760863, "voters": ["sauravrungta"]}}, "lcerm": {"total_lme": 0.0009595710727770229, "memorial-day-and-barbecued-chicken": {"bal": 0.0009595710727770229, "voters": ["marystone", "toronsteem"]}}, "kimabg": {"total_lme": 0.0009595710727770229, "pate-de-pollo-para-ti": {"bal": 0.0009595710727770229, "voters": ["marystone", "toronsteem"]}}, "nedikix": {"total_lme": 0.0009595710727770229, "vegetarian-bolognaise": {"bal": 0.0009595710727770229, "voters": ["marystone", "toronsteem"]}}, "mdmrakash": {"total_lme": 0.0019191421455540458, "shrimp-and-bhalati-bharta-recipe": {"bal": 0.0009595710727770229, "voters": ["marystone", "toronsteem"]}, "sugary-bread": {"bal": 0.0009595710727770229, "voters": ["marystone", "toronsteem"]}}, "steemchiller": {"total_lme": 0.20608037680625474, "steemworld-news-coming-curation-rewards-improved-payout-details-beneficiaries-payout-implemented": {"bal": 0.20608037680625474, "voters": ["depotboost"]}}, "jeffro47": {"total_lme": 0.0009595710727770229, "organic-pineapple-grown-in-nature": {"bal": 0.0009595710727770229, "voters": ["marystone", "toronsteem"]}}, "azralaghari": {"total_lme": 0.0009595710727770229, "carrot-cupcakes-with-cream-cheese-frosting-0eb43ba8edede": {"bal": 0.0009595710727770229, "voters": ["marystone", "toronsteem"]}}, "steemit-earn": {"total_lme": 0.0009595710727770229, "yummy-my-lovely-food": {"bal": 0.0009595710727770229, "voters": ["marystone", "toronsteem"]}}, "mylifeisnotbad": {"total_lme": 0.0009595710727770229, "fresh-panini-anyone": {"bal": 0.0009595710727770229, "voters": ["marystone", "toronsteem"]}}, "rrmaxq": {"total_lme": 0.004571973492031283, "my-passion-to-cars----image-gallery-cont-2018-05-28-14-04-36": {"bal": 0.004571973492031283, "voters": ["rrmaxq"]}}, "farhaashu": {"total_lme": 0.0009595710727770229, "vegetable-chicken-and-boiled-egg-kachori": {"bal": 0.0009595710727770229, "voters": ["marystone", "toronsteem"]}}, "xels": {"total_lme": 4.737080502028671, "re-postboosterbd-monte-fitz-roy-argentina-patagonia-20180528t121644758z": {"bal": 2.3685402510143354, "voters": ["roy2016"]}, "re-steemspecialist-this-is-my-maiden-intriduction-on-steemitand-my-first-dtube-post-20180528t121515861z": {"bal": 2.3685402510143354, "voters": ["roy2016"]}}, "orlndojose": {"total_lme": 0.0009595710727770229, "lo-que-nunca-faltaba-en-el-desayuno-venezolano": {"bal": 0.0009595710727770229, "voters": ["marystone", "toronsteem"]}}, "kk93": {"total_lme": 0.002351433648237494, "need-for-speed-payback-skyhammer-bmw-edition": {"bal": 0.002351433648237494, "voters": ["shadowbot"]}}, "mimismartypants": {"total_lme": 0.0009595710727770229, "photobomb-challenge-23-entry-1": {"bal": 0.0009595710727770229, "voters": ["marystone", "toronsteem"]}}, "chamanhu": {"total_lme": 0.0009595710727770229, "part-6-a-happy-life-shepherd": {"bal": 0.0009595710727770229, "voters": ["marystone", "toronsteem"]}}, "sk9988": {"total_lme": 0.002351433648237494, "need-for-speed-payback-lv399-cross-s-corvette-c6-z06-performance-and-gameplay": {"bal": 0.002351433648237494, "voters": ["shadowbot"]}}, "sheble": {"total_lme": 0.0009595710727770229, "avoid-fertile-chicken-meat": {"bal": 0.0009595710727770229, "voters": ["marystone", "toronsteem"]}}, "stepster": {"total_lme": 0.002351433648237494, "gta-6-graphics-m-v-g-a-cars-gameplay-3-ultra-realistic-graphic-enb-mod-pc-60-fps-1080p": {"bal": 0.002351433648237494, "voters": ["shadowbot"]}}, "fernandes": {"total_lme": 0.013038236467387295, "foodphotography-eat-oen-peugaga-after-tarawih": {"bal": 0.013038236467387295, "voters": ["anzirpasai"]}}, "azizulmiah": {"total_lme": 0.00047978407836593914, "traffic-jam-d0485cc5d6461": {"bal": 0.00047978407836593914, "voters": ["toronsteem"]}}, "earlybiiird": {"total_lme": 0.0014393580671881066, "these-nacho-bowl-is-to-die-for": {"bal": 0.0009595710727770229, "voters": ["marystone", "toronsteem"]}, "adobo": {"bal": 0.00047978699441108375, "voters": ["marystone"]}}, "whatageek": {"total_lme": 0.002439467551475901, "mini-contest-i-m-giving-two-upvotes-this-time-3-hour-time-limit-blockchain-gaming": {"bal": 0.002439467551475901, "voters": ["zulmiaja"]}}, "simpleslife": {"total_lme": 0.00047978407836593914, "beef-rice-simpleslife": {"bal": 0.00047978407836593914, "voters": ["toronsteem"]}}, "marquezj": {"total_lme": 0.0009595710727770229, "tradcional-cachapa-con-queso-y-cochino": {"bal": 0.0009595710727770229, "voters": ["marystone", "toronsteem"]}}, "usachan": {"total_lme": 0.0009595710727770229, "when-i-have-a-sore-throat": {"bal": 0.0009595710727770229, "voters": ["marystone", "toronsteem"]}}, "sadmanalam": {"total_lme": 0.0009595710727770229,